{"cameraMode":{"drawMode":0,"name":"Shaded","section":"Shading Mode"},"sceneLighting":false,"audioPlay":false,"sceneViewState":{"m_AlwaysRefresh":false,"showFog":true,"showSkybox":false,"showFlares":true,"showImageEffects":true,"showParticleSystems":true,"showVisualEffectGraphs":true,"m_FxEnabled":true},"in2DMode":false,"pivot":{"x":0.09522116184234619,"y":0.3014921247959137,"z":0.09061950445175171},"rotation":{"x":0.1692662239074707,"y":-0.49953362345695498,"z":0.10021810978651047,"w":0.8436761498451233},"size":0.6808629035949707,"orthographic":false}