{"cameraMode":{"drawMode":0,"name":"Shaded","section":"Shading Mode"},"sceneLighting":false,"audioPlay":false,"sceneViewState":{"showFog":true,"showMaterialUpdate":false,"showSkybox":false,"showFlares":true,"showImageEffects":true,"showParticleSystems":true},"in2DMode":false,"pivot":{"x":0.20103049278259278,"y":1.049241065979004,"z":0.2112814038991928},"rotation":{"x":-0.2732086479663849,"y":0.08413618803024292,"z":-0.023986756801605226,"w":-0.9580095410346985},"size":1.590378999710083,"orthographic":false}