{"cameraMode":{"drawMode":0,"name":"Shaded","section":"Shading Mode"},"sceneLighting":false,"audioPlay":false,"sceneViewState":{"showFog":true,"showMaterialUpdate":false,"showSkybox":false,"showFlares":true,"showImageEffects":true,"showParticleSystems":true},"in2DMode":false,"pivot":{"x":-5.696319580078125,"y":0.427848219871521,"z":-1.670889973640442},"rotation":{"x":-0.06288179755210877,"y":0.7769619226455689,"z":-0.07857878506183624,"w":-0.6215147972106934},"size":5.755560874938965,"orthographic":false}