{"cameraMode":{"drawMode":0,"name":"Shaded","section":"Shading Mode"},"sceneLighting":false,"audioPlay":false,"sceneViewState":{"showFog":true,"showMaterialUpdate":false,"showSkybox":false,"showFlares":true,"showImageEffects":true,"showParticleSystems":true},"in2DMode":false,"pivot":{"x":-0.05400991439819336,"y":3.813993215560913,"z":0.047557830810546878},"rotation":{"x":-0.12694261968135835,"y":0.5823251605033875,"z":-0.09265506267547608,"w":-0.7976698875427246},"size":5.0988006591796879,"orthographic":false}