{"cameraMode":{"drawMode":0,"name":"Shaded","section":"Shading Mode"},"sceneLighting":false,"audioPlay":false,"sceneViewState":{"showFog":true,"showMaterialUpdate":false,"showSkybox":false,"showFlares":true,"showImageEffects":true,"showParticleSystems":true},"in2DMode":false,"pivot":{"x":0.003313899040222168,"y":0.20009580254554749,"z":-0.012415945529937745},"rotation":{"x":-0.2732086479663849,"y":0.08413618803024292,"z":-0.023986756801605226,"w":-0.9580095410346985},"size":0.28704965114593508,"orthographic":false}