{"cameraMode":{"drawMode":0,"name":"Shaded","section":"Shading Mode"},"sceneLighting":false,"audioPlay":false,"sceneViewState":{"showFog":true,"showMaterialUpdate":false,"showSkybox":false,"showFlares":true,"showImageEffects":true,"showParticleSystems":true},"in2DMode":false,"pivot":{"x":0.06994941830635071,"y":-0.11379551887512207,"z":0.5836651921272278},"rotation":{"x":-0.2732086479663849,"y":0.08413618803024292,"z":-0.023986756801605226,"w":-0.9580095410346985},"size":1.4608218669891358,"orthographic":false}