{"cameraMode":{"drawMode":0,"name":"Shaded","section":"Shading Mode"},"sceneLighting":false,"audioPlay":false,"sceneViewState":{"showFog":true,"showMaterialUpdate":false,"showSkybox":false,"showFlares":true,"showImageEffects":true,"showParticleSystems":true},"in2DMode":false,"pivot":{"x":-0.013348400592803955,"y":0.8339537382125855,"z":2.5331974029541018e-7},"rotation":{"x":-0.2732086479663849,"y":0.08413618803024292,"z":-0.023986756801605226,"w":-0.9580095410346985},"size":1.2675436735153199,"orthographic":false}