{"cameraMode":{"drawMode":0,"name":"Shaded","section":"Shading Mode"},"sceneLighting":false,"audioPlay":false,"sceneViewState":{"showFog":true,"showMaterialUpdate":false,"showSkybox":false,"showFlares":true,"showImageEffects":true,"showParticleSystems":true},"in2DMode":false,"pivot":{"x":-0.003177046775817871,"y":0.12708362936973573,"z":0.00023217499256134033},"rotation":{"x":-0.2732086479663849,"y":0.08413618803024292,"z":-0.023986756801605226,"w":-0.9580095410346985},"size":1.0372811555862427,"orthographic":false}