{"cameraMode":{"drawMode":0,"name":"Shaded","section":"Shading Mode"},"sceneLighting":false,"audioPlay":false,"sceneViewState":{"showFog":true,"showMaterialUpdate":false,"showSkybox":false,"showFlares":true,"showImageEffects":true,"showParticleSystems":true},"in2DMode":false,"pivot":{"x":0.16580843925476075,"y":-0.08080470561981201,"z":0.776573896408081},"rotation":{"x":-0.24481798708438874,"y":0.18963263928890229,"z":-0.048879288136959079,"w":-0.9496285319328308},"size":1.5124354362487794,"orthographic":false}